NOME;tipo;2000;2001;2002;2003;2004;2005;2006;2007;2008;2009;2010;2011;2012;2013;2014;2015;2016;2017;2018;2019;2020
Região Metropolitana do Vale do Rio Cuiabá;total;253;234;324;229;247;261;258;263;304;335;339;347;306;350;372;308;302;325;312;238;276
Região Metropolitana do Vale do Piancó;total;8;6;12;4;4;9;11;2;12;13;16;19;22;27;21;30;26;17;24;16;22
Região Metropolitana do Vale do Paraíba e Litoral Norte;total;526;462;493;479;477;447;451;508;503;428;439;479;470;378;392;343;332;302;302;302;296
Região Metropolitana do Vale do Paraíba;total;28;21;16;15;13;15;19;24;15;28;29;24;27;31;20;31;18;20;21;25;26
Região Metropolitana do Vale do Mamanguape;total;3;5;3;3;11;17;18;26;20;25;20;15;21;26;16;24;32;28;24;17;19
Região Metropolitana do Vale do Itajaí;total;172;154;165;171;202;246;221;225;196;229;258;257;215;212;225;179;157;171;149;174;137
Região Metropolitana do Vale do Aço;total;88;86;67;74;94;88;92;73;107;116;143;161;125;119;136;136;124;163;116;106;107
Região Metropolitana do Sul do Estado;total;8;11;4;6;6;9;7;12;5;14;12;7;18;12;20;28;4;15;16;14;9
Região Metropolitana do Sudoeste Maranhense;total;43;65;55;58;90;113;123;163;133;127;153;172;228;191;217;198;213;189;152;161;131
Região Metropolitana do Sertão;total;8;20;7;19;17;16;16;14;20;32;26;28;43;26;38;31;33;21;33;24;28
Região Metropolitana do São Francisco;total;17;12;14;24;25;16;13;22;9;15;21;24;29;19;34;16;18;26;13;25;18
Região Metropolitana do Rio de Janeiro;total;1672;1725;1825;1816;1876;1848;2060;1624;1580;1394;1899;1724;1957;1679;1915;1317;1484;1391;1333;898;1244
Região Metropolitana do Recife;total;680;625;682;656;684;669;637;665;672;740;871;796;722;650;754;747;712;664;628;567;565
Região Metropolitana do Norte/Nordeste Catarinense;total;283;339;339;345;343;353;378;343;351;371;337;360;392;334;383;351;272;263;251;257;274
Região Metropolitana do Médio Sertão;total;16;11;20;15;8;14;11;19;12;19;25;38;35;41;42;33;35;30;25;22;24
Região Metropolitana do Extremo Oeste;total;41;49;47;68;54;64;90;103;73;66;73;110;89;89;82;80;74;69;71;42;60
Região Metropolitana do Contestado;total;118;111;133;132;139;145;145;151;132;131;127;152;154;122;151;124;129;127;124;132;131
Região Metropolitana do Cariri;total;101;91;108;116;170;154;150;155;167;151;156;220;226;237;208;207;152;81;108;88;59
Região Metropolitana do Alto Vale do Itajaí;total;107;103;87;109;117;119;130;108;124;119;114;127;108;78;105;113;100;97;85;104;87
Região Metropolitana do Agreste;total;91;76;92;91;139;154;170;207;167;229;258;253;266;259;257;235;232;185;191;201;222
Região Metropolitana de Umuarama;total;65;76;68;82;88;85;90;117;108;101;114;110;137;131;96;119;110;86;85;97;84
Região Metropolitana de Tubarão;total;81;82;108;122;157;143;131;149;105;108;127;138;136;102;90;78;107;91;86;80;75
Região Metropolitana de Toledo;total;76;87;88;105;100;98;117;142;128;115;128;132;147;123;136;117;124;109;97;87;124
Região Metropolitana de Sousa;total;2;1;4;10;10;9;34;21;33;22;26;23;30;30;25;37;31;16;29;26;26
Região Metropolitana de Sorocaba;total;294;392;459;436;439;380;459;540;489;432;469;504;429;503;439;394;349;371;377;358;358
Região Metropolitana de Sobral;total;95;108;103;103;135;139;123;154;133;134;208;186;221;246;329;305;304;271;287;267;291
Região Metropolitana de São Paulo;total;1675;2729;1818;2607;2444;2576;2529;2699;2628;2454;2429;2510;2366;2163;2333;1957;1784;1476;1049;1462;1550
Região Metropolitana de Santarém;total;8;10;19;41;43;33;39;40;59;19;28;41;5;2;9;3;26;67;36;87;93
Região Metropolitana de Salvador;total;141;211;210;207;181;605;589;504;234;224;610;570;618;531;546;430;361;366;253;277;268
Região Metropolitana de Ribeirão Preto;total;274;262;304;276;273;276;269;265;251;287;337;312;294;276;307;274;242;263;239;222;246
Região Metropolitana de Porto Velho;total;121;86;130;126;127;105;192;174;182;196;266;252;276;219;211;190;143;132;132;111;122
Região Metropolitana de Porto Alegre;total;691;655;771;758;742;689;639;600;658;633;622;575;541;576;558;536;493;503;468;458;394
Região Metropolitana de Patos;total;21;19;17;19;35;31;27;19;30;61;57;52;51;48;57;56;63;58;67;41;47
Região Metropolitana de Palmeira dos Índios;total;6;3;4;5;5;3;2;4;2;3;5;7;9;7;10;12;12;6;6;3;5
Região Metropolitana de Palmas;total;100;96;118;112;118;123;115;152;126;156;175;203;157;140;178;196;182;169;148;172;178
Região Metropolitana de Natal;total;201;191;154;153;145;154;144;135;165;162;215;211;197;212;216;175;181;221;219;177;157
Região Metropolitana de Maringá;total;174;139;162;160;225;179;173;209;238;198;281;213;259;213;243;194;185;178;174;192;191
Região Metropolitana de Manaus;total;297;240;262;287;312;330;387;309;322;305;418;452;386;394;383;374;350;335;345;327;327
Região Metropolitana de Maceió;total;294;337;313;255;282;273;267;248;256;238;296;326;299;258;293;244;237;206;188;207;247
Região Metropolitana de Macapá;total;89;108;112;110;103;99;106;87;80;93;108;124;112;94;107;83;81;76;58;70;60
Região Metropolitana de Londrina;total;238;217;239;231;274;264;290;292;283;307;329;364;396;280;323;293;268;243;264;217;244
Região Metropolitana de Lages;total;77;82;90;58;74;95;96;98;92;68;110;106;129;124;136;127;105;100;90;105;118
Região Metropolitana de João Pessoa;total;191;211;247;216;210;240;219;224;259;275;305;250;285;279;250;267;278;248;214;242;219
Região Metropolitana de Itabaiana;total;2;4;10;6;21;27;11;17;17;20;13;16;17;30;23;27;25;25;15;17;20
Região Metropolitana de Gurupi;total;48;37;54;48;58;51;59;72;82;78;86;89;117;84;93;88;91;97;72;62;65
Região Metropolitana de Guarabira;total;12;17;4;12;18;23;20;25;24;16;40;31;31;40;45;33;51;38;45;39;41
Região Metropolitana de Goiânia;total;594;552;671;680;737;703;622;677;723;722;843;740;760;700;711;588;603;538;516;505;519
Região Metropolitana de Fortaleza;total;570;663;790;737;769;811;787;809;675;579;822;875;952;914;1044;834;689;496;438;299;243
Região Metropolitana de Florianópolis;total;261;262;278;260;243;303;318;269;286;277;267;250;284;222;252;218;216;187;191;191;180
Região Metropolitana de Feira de Santana;total;80;35;39;26;29;59;100;144;124;137;174;180;182;158;133;67;59;88;73;53;123
Região Metropolitana de Esperança;total;5;3;16;7;19;10;16;16;16;18;23;27;25;15;26;27;22;32;14;17;20
Região Metropolitana de Curitiba;total;704;689;724;765;837;871;749;826;834;767;753;727;671;609;636;478;528;510;485;474;452
Região Metropolitana de Chapecó;total;104;95;121;90;123;138;141;144;178;144;167;193;131;125;140;127;128;129;125;119;105
Região Metropolitana de Central;total;10;5;10;9;5;5;5;7;5;5;14;8;8;9;9;3;5;3;5;2;10
Região Metropolitana de Cascavel;total;178;167;178;212;237;208;223;207;202;203;242;205;233;201;167;155;153;167;129;138;149
Região Metropolitana de Campo Mourão;total;82;86;89;103;132;127;100;117;126;112;132;126;165;134;149;119;132;147;100;95;108
Região Metropolitana de Campinas;total;434;447;441;423;489;501;483;572;555;468;508;523;433;430;450;400;395;380;343;350;376
Região Metropolitana de Campina Grande;total;104;122;268;190;202;197;241;269;265;197;216;210;290;329;306;307;277;238;244;207;225
Região Metropolitana de Cajazeiras;total;8;15;22;19;12;17;19;11;10;35;25;32;33;30;49;46;42;35;38;32;30
Região Metropolitana de Caetés;total;17;20;25;13;14;20;16;28;33;15;25;27;22;33;28;24;30;18;21;17;26
Região Metropolitana de Belo Horizonte;total;799;915;917;950;1035;1091;1204;1170;1148;1067;1093;1099;1059;989;987;831;755;689;666;583;550
Região Metropolitana de Belém;total;288;328;347;359;314;404;378;306;351;301;461;491;529;473;473;442;428;372;354;370;369
Região Metropolitana de Barra de Santa Rosa;total;5;0;8;2;13;2;12;9;12;7;14;14;18;23;15;26;20;13;14;19;13
Região Metropolitana de Araruna;total;4;2;1;6;6;11;5;4;8;2;10;13;16;13;15;9;18;9;8;7;12
Região Metropolitana de Aracaju;total;173;190;223;199;220;201;208;217;252;304;321;317;293;326;256;263;206;196;169;191;162
Região Metropolitana de Apucarana;total;80;78;75;85;80;90;100;85;115;104;108;140;147;118;122;108;86;92;94;80;72
Região Metropolitana da Zona da Mata;total;47;26;49;30;29;41;24;49;30;44;53;65;51;46;38;63;54;50;44;29;40
Região Metropolitana da Serra Gaúcha;total;121;153;157;194;141;158;155;134;148;162;170;170;151;149;131;116;111;142;102;126;94
Região Metropolitana da Grande Vitória;total;397;391;455;423;409;402;392;436;439;390;438;422;402;392;338;278;277;300;261;262;260
Região Metropolitana da Grande São Luís;total;118;182;214;214;231;260;254;297;349;314;357;360;394;327;332;317;293;248;251;256;259
Região Metropolitana da Foz do Rio Itajaí;total;133;127;148;146;179;132;157;172;166;186;149;160;155;158;146;106;109;138;106;140;119
Região Metropolitana da Capital;total;83;99;117;61;49;86;93;115;102;103;110;114;120;128;112;128;90;111;68;97;105
Região Metropolitana da Baixada Santista;total;204;247;302;322;354;337;428;421;406;348;327;360;377;360;292;266;287;215;243;244;265
Região Metropolitana Carbonífera;total;119;154;148;174;191;144;146;163;147;140;130;144;123;114;141;97;111;111;97;90;95
Região Integrada de Desenvolvimento do Distrito Federal e Entorno;total;742;775;849;907;832;828;754;814;838;824;911;959;894;898;932;835;754;641;652;628;574
Região Integrada de Desenvolvimento da Grande Teresina;total;245;263;301;321;319;311;408;437;416;422;521;491;547;571;609;546;495;409;397;367;373
Região Administrativa Integrada de Desenvolvimento do Polo Petrolina/PE e Juazeiro/BA;total;135;156;169;147;101;156;130;77;123;183;182;257;263;255;250;232;300;222;223;255;230
Aglomeração Urbana do Sul;total;128;117;101;134;117;128;100;131;150;125;144;138;142;132;124;125;101;106;96;100;75
Aglomeração Urbana do Litoral Norte;total;33;47;68;53;56;61;62;74;61;76;78;75;82;99;70;64;69;68;64;45;53
Aglomeração Urbana de Piracicaba-AU- Piracicaba;total;272;226;309;247;260;297;253;216;234;190;201;206;215;203;264;225;233;227;195;190;216
Aglomeração Urbana de Jundiaí;total;97;101;124;149;151;141;171;133;160;122;144;135;133;158;166;122;125;154;121;122;115
Aglomeração Urbana de Franca;total;122;103;160;128;138;156;117;126;139;124;127;120;87;74;97;69;87;100;92;83;90
Outros;total;11963;12077;13478;13379;14697;14800;14869;15722;16861;17090;19466;19773;21327;20366;20946;18850;18425;17859;16595;16346;16724
Região Metropolitana do Vale do Rio Cuiabá;pedestre;70;56;98;68;55;56;62;57;66;64;66;63;48;47;56;30;40;48;47;30;36
Região Metropolitana do Vale do Piancó;pedestre;3;3;2;0;1;1;1;0;2;1;0;2;1;2;4;2;2;1;2;1;1
Região Metropolitana do Vale do Paraíba e Litoral Norte;pedestre;172;163;136;158;148;127;131;114;130;115;111;107;122;84;93;81;78;86;58;65;67
Região Metropolitana do Vale do Paraíba;pedestre;15;9;5;5;3;8;6;7;4;3;3;3;6;2;3;2;0;1;3;2;0
Região Metropolitana do Vale do Mamanguape;pedestre;0;3;1;0;4;4;2;8;5;1;6;3;4;7;2;3;11;5;2;4;2
Região Metropolitana do Vale do Itajaí;pedestre;41;28;34;24;30;37;37;34;36;50;35;38;35;29;32;26;32;24;14;26;16
Região Metropolitana do Vale do Aço;pedestre;17;7;16;13;15;10;7;1;13;13;14;21;12;13;19;29;23;23;21;26;16
Região Metropolitana do Sul do Estado;pedestre;3;1;0;0;1;1;3;2;2;2;3;0;1;0;1;2;1;3;2;5;1
Região Metropolitana do Sudoeste Maranhense;pedestre;0;2;3;2;13;23;21;12;6;7;8;33;41;33;36;17;28;19;27;67;40
Região Metropolitana do Sertão;pedestre;1;7;5;5;7;9;3;6;2;8;6;4;3;2;0;4;1;2;3;8;4
Região Metropolitana do São Francisco;pedestre;8;6;7;11;12;5;6;2;0;8;4;1;1;0;0;0;1;2;3;4;3
Região Metropolitana do Rio de Janeiro;pedestre;1023;1071;1100;1067;1102;1031;1081;800;777;721;1027;903;805;675;740;561;377;484;621;249;460
Região Metropolitana do Recife;pedestre;323;278;320;300;330;309;315;252;264;279;299;205;203;190;231;199;189;202;202;188;177
Região Metropolitana do Norte/Nordeste Catarinense;pedestre;69;84;79;85;73;63;69;74;70;79;62;58;62;47;51;40;47;44;32;51;27
Região Metropolitana do Médio Sertão;pedestre;4;2;10;10;6;4;3;8;3;8;10;6;2;2;0;2;0;4;4;5;4
Região Metropolitana do Extremo Oeste;pedestre;7;13;13;13;4;10;17;27;9;13;11;8;7;11;8;11;13;5;6;6;11
Região Metropolitana do Contestado;pedestre;18;21;32;19;37;23;17;13;21;18;19;20;17;8;9;13;12;7;21;14;12
Região Metropolitana do Cariri;pedestre;43;38;59;49;53;78;55;49;42;30;16;7;2;27;21;10;9;20;26;24;15
Região Metropolitana do Alto Vale do Itajaí;pedestre;13;18;14;20;16;16;11;15;15;16;18;18;17;8;9;11;9;10;8;11;12
Região Metropolitana do Agreste;pedestre;36;31;36;32;46;62;50;47;40;58;50;34;26;27;12;12;21;28;24;23;32
Região Metropolitana de Umuarama;pedestre;15;13;15;22;22;20;15;20;19;17;12;18;14;16;12;16;6;9;12;13;7
Região Metropolitana de Tubarão;pedestre;7;6;15;18;22;26;13;22;20;14;23;18;22;16;20;10;14;13;13;22;14
Região Metropolitana de Toledo;pedestre;15;20;22;15;24;13;17;9;17;10;11;7;19;16;15;13;18;10;9;8;18
Região Metropolitana de Sousa;pedestre;1;1;1;1;3;0;1;1;1;2;3;2;3;2;2;2;0;2;0;2;0
Região Metropolitana de Sorocaba;pedestre;49;100;128;106;118;92;122;126;129;93;115;109;106;116;113;79;66;91;92;87;76
Região Metropolitana de Sobral;pedestre;21;32;22;30;35;30;35;51;31;25;48;30;29;37;46;41;35;38;34;44;39
Região Metropolitana de São Paulo;pedestre;590;1138;703;1103;1086;1137;1147;1109;1056;1050;1006;1045;955;861;922;772;644;563;385;572;399
Região Metropolitana de Santarém;pedestre;0;0;1;7;5;3;3;0;4;2;5;1;4;0;4;2;6;17;0;14;11
Região Metropolitana de Salvador;pedestre;37;92;103;108;78;260;230;216;80;82;245;223;209;180;181;137;105;108;77;73;72
Região Metropolitana de Ribeirão Preto;pedestre;48;44;51;38;41;49;40;60;51;62;62;58;46;41;63;57;47;51;58;45;40
Região Metropolitana de Porto Velho;pedestre;0;3;15;7;3;4;9;10;1;23;29;15;27;27;19;25;24;18;23;12;18
Região Metropolitana de Porto Alegre;pedestre;207;209;255;227;249;228;194;185;207;196;182;154;134;157;149;128;142;136;139;156;102
Região Metropolitana de Patos;pedestre;9;7;9;3;6;11;2;1;4;2;0;1;2;5;8;3;2;4;7;4;6
Região Metropolitana de Palmeira dos Índios;pedestre;1;1;0;3;1;1;1;0;1;2;2;0;0;0;0;0;0;1;1;0;1
Região Metropolitana de Palmas;pedestre;26;16;18;18;26;15;19;21;33;19;16;14;23;15;28;23;15;14;18;11;18
Região Metropolitana de Natal;pedestre;79;59;53;55;56;43;33;35;30;27;50;55;34;41;30;32;31;44;25;23;23
Região Metropolitana de Maringá;pedestre;58;50;71;54;55;62;55;59;71;55;67;53;47;41;37;31;36;38;38;42;35
Região Metropolitana de Manaus;pedestre;134;120;128;144;131;128;151;127;118;114;165;185;144;148;127;124;110;93;121;101;92
Região Metropolitana de Maceió;pedestre;213;248;208;105;118;126;112;125;58;60;41;58;59;40;31;22;10;33;39;23;34
Região Metropolitana de Macapá;pedestre;32;96;84;87;70;89;58;0;5;0;1;3;8;9;26;13;17;21;21;11;7
Região Metropolitana de Londrina;pedestre;57;73;69;47;61;74;70;71;74;69;82;74;54;65;48;59;50;58;50;45;47
Região Metropolitana de Lages;pedestre;21;15;14;11;7;20;15;14;12;6;13;14;25;15;19;13;11;22;17;15;17
Região Metropolitana de João Pessoa;pedestre;40;45;99;90;71;96;83;79;84;48;69;59;80;69;54;56;49;61;51;56;32
Região Metropolitana de Itabaiana;pedestre;0;2;5;2;3;3;3;7;1;1;2;3;1;2;2;1;1;1;1;0;0
Região Metropolitana de Gurupi;pedestre;1;5;5;6;3;3;5;8;11;8;16;8;10;7;6;7;1;8;9;4;4
Região Metropolitana de Guarabira;pedestre;3;11;3;4;7;6;3;3;4;4;9;5;5;2;7;0;10;3;0;2;1
Região Metropolitana de Goiânia;pedestre;113;125;123;141;132;163;127;133;137;120;162;128;150;153;146;106;89;109;95;88;86
Região Metropolitana de Fortaleza;pedestre;260;300;352;355;360;377;334;381;272;305;349;329;335;339;260;243;172;178;146;113;74
Região Metropolitana de Florianópolis;pedestre;94;98;82;78;55;85;74;57;64;55;63;66;54;44;60;53;44;37;36;49;31
Região Metropolitana de Feira de Santana;pedestre;23;17;14;7;7;20;29;36;29;22;34;21;20;17;9;4;3;3;6;3;3
Região Metropolitana de Esperança;pedestre;2;0;9;5;1;5;1;2;0;0;0;0;0;0;0;0;0;1;0;0;0
Região Metropolitana de Curitiba;pedestre;151;192;199;183;244;290;249;269;287;245;200;183;195;164;172;131;135;145;146;154;135
Região Metropolitana de Chapecó;pedestre;23;11;14;19;30;12;21;23;28;31;31;28;24;17;7;13;16;22;10;17;12
Região Metropolitana de Central;pedestre;0;1;2;0;0;0;0;0;0;1;0;1;1;0;2;0;1;0;2;1;2
Região Metropolitana de Cascavel;pedestre;49;54;58;83;62;39;67;57;40;44;44;45;45;41;29;32;29;32;22;28;20
Região Metropolitana de Campo Mourão;pedestre;12;16;18;19;13;22;23;15;25;16;19;13;27;23;11;22;15;23;11;14;9
Região Metropolitana de Campinas;pedestre;100;109;143;125;133;144;146;161;159;144;148;144;126;144;134;121;118;115;96;92;97
Região Metropolitana de Campina Grande;pedestre;12;66;40;5;0;0;1;0;3;1;1;0;0;0;3;0;0;0;0;1;0
Região Metropolitana de Cajazeiras;pedestre;2;0;3;5;0;6;3;0;4;4;2;3;2;1;5;3;4;3;2;4;1
Região Metropolitana de Caetés;pedestre;9;12;17;5;2;6;5;10;1;2;4;4;6;4;1;1;0;1;1;2;1
Região Metropolitana de Belo Horizonte;pedestre;313;336;336;303;339;341;375;352;358;323;353;300;300;249;273;208;202;203;178;173;151
Região Metropolitana de Belém;pedestre;224;216;293;301;251;297;295;253;288;239;376;387;407;360;215;279;126;249;140;102;118
Região Metropolitana de Barra de Santa Rosa;pedestre;0;0;3;0;0;0;0;0;0;0;0;0;0;0;1;0;0;0;0;0;0
Região Metropolitana de Araruna;pedestre;1;0;0;1;2;4;1;0;2;0;2;0;0;2;0;1;1;1;0;0;0
Região Metropolitana de Aracaju;pedestre;60;63;65;87;82;75;69;50;77;79;74;62;52;64;66;57;32;37;34;28;26
Região Metropolitana de Apucarana;pedestre;24;12;14;16;24;22;15;16;21;17;23;30;15;29;21;17;19;14;21;17;9
Região Metropolitana da Zona da Mata;pedestre;24;15;32;9;5;10;5;24;7;9;6;6;6;4;4;2;2;6;4;0;3
Região Metropolitana da Serra Gaúcha;pedestre;40;36;39;41;44;40;34;28;37;32;26;40;32;26;20;25;18;32;20;14;13
Região Metropolitana da Grande Vitória;pedestre;166;166;168;159;145;122;130;148;165;114;130;133;103;110;86;70;76;75;72;77;56
Região Metropolitana da Grande São Luís;pedestre;45;70;103;81;99;110;91;87;78;83;110;76;84;41;38;38;47;76;20;29;53
Região Metropolitana da Foz do Rio Itajaí;pedestre;40;39;39;41;34;27;38;48;28;36;30;29;23;31;24;18;28;35;21;34;28
Região Metropolitana da Capital;pedestre;15;19;11;2;5;12;11;20;7;6;10;10;11;18;29;10;12;19;10;5;5
Região Metropolitana da Baixada Santista;pedestre;70;92;103;125;114;120;124;114;101;94;101;86;97;129;94;73;62;65;86;72;78
Região Metropolitana Carbonífera;pedestre;32;38;27;21;31;25;24;24;13;28;24;22;23;23;16;13;20;18;18;16;10
Região Integrada de Desenvolvimento do Distrito Federal e Entorno;pedestre;264;280;297;307;272;268;236;254;275;220;277;222;213;221;218;187;184;155;165;143;139
Região Integrada de Desenvolvimento da Grande Teresina;pedestre;52;65;66;82;79;85;81;78;99;83;94;79;74;78;90;75;51;52;62;44;38
Região Administrativa Integrada de Desenvolvimento do Polo Petrolina/PE e Juazeiro/BA;pedestre;39;30;40;27;28;29;22;6;28;22;25;33;28;29;23;15;32;33;20;31;22
Aglomeração Urbana do Sul;pedestre;38;41;24;32;29;35;19;30;32;33;29;31;31;33;29;38;30;21;27;27;23
Aglomeração Urbana do Litoral Norte;pedestre;2;15;17;13;15;10;9;15;8;9;11;14;19;12;12;20;11;11;11;11;13
Aglomeração Urbana de Piracicaba-AU- Piracicaba;pedestre;52;45;74;78;61;62;76;72;80;48;48;70;63;48;61;46;42;57;41;43;48
Aglomeração Urbana de Jundiaí;pedestre;21;21;34;39;29;33;47;38;54;34;27;37;40;36;58;44;31;44;24;37;27
Aglomeração Urbana de Franca;pedestre;22;24;35;21;38;29;30;27;34;28;19;25;19;13;27;10;19;31;23;20;16
Outros;pedestre;2772;2849;2986;2983;3144;2979;3002;2942;3004;2787;3050;2841;2719;2575;2542;2283;2143;2091;2082;2032;1724
Região Metropolitana do Vale do Rio Cuiabá;ciclista;9;5;9;9;13;7;7;9;7;9;4;11;7;10;12;8;13;10;9;10;9
Região Metropolitana do Vale do Piancó;ciclista;0;0;1;0;0;0;0;0;0;0;0;0;0;0;0;1;1;1;0;0;0
Região Metropolitana do Vale do Paraíba e Litoral Norte;ciclista;5;8;7;21;15;13;11;18;16;14;8;11;18;14;16;9;19;14;21;6;25
Região Metropolitana do Vale do Paraíba;ciclista;0;1;0;0;1;0;0;0;0;1;1;1;0;0;0;0;0;0;0;0;0
Região Metropolitana do Vale do Mamanguape;ciclista;0;0;0;0;0;0;0;0;0;1;0;0;0;0;0;0;0;1;0;0;0
Região Metropolitana do Vale do Itajaí;ciclista;13;11;13;9;14;18;6;9;7;16;14;11;14;7;14;7;13;14;7;16;15
Região Metropolitana do Vale do Aço;ciclista;3;3;2;6;6;9;4;3;3;1;6;3;4;5;2;6;11;4;6;9;7
Região Metropolitana do Sul do Estado;ciclista;1;0;1;0;0;1;0;1;1;1;0;0;0;1;0;1;0;1;0;0;0
Região Metropolitana do Sudoeste Maranhense;ciclista;0;0;4;3;3;3;3;4;1;0;0;7;21;12;5;9;8;8;6;11;8
Região Metropolitana do Sertão;ciclista;1;0;0;0;0;0;0;0;1;0;0;0;0;0;0;1;0;0;0;0;0
Região Metropolitana do São Francisco;ciclista;0;0;0;0;0;0;0;2;0;0;1;0;0;0;0;0;0;0;0;0;0
Região Metropolitana do Rio de Janeiro;ciclista;10;7;24;36;42;52;57;54;57;62;52;22;25;30;29;29;12;31;18;24;12
Região Metropolitana do Recife;ciclista;14;21;15;12;11;14;17;24;13;17;15;22;27;10;22;32;17;32;33;41;39
Região Metropolitana do Norte/Nordeste Catarinense;ciclista;38;31;56;51;48;42;27;29;31;36;40;36;29;31;40;37;25;22;20;35;34
Região Metropolitana do Médio Sertão;ciclista;0;0;3;0;0;0;0;0;0;0;0;2;0;0;0;0;0;0;0;1;1
Região Metropolitana do Extremo Oeste;ciclista;0;0;2;5;3;1;4;2;3;4;4;1;0;1;5;3;2;1;1;1;2
Região Metropolitana do Contestado;ciclista;1;1;6;6;3;4;4;6;1;4;3;8;5;1;6;1;4;2;3;4;2
Região Metropolitana do Cariri;ciclista;6;8;6;6;6;4;3;3;1;8;37;2;1;6;4;0;0;2;3;4;1
Região Metropolitana do Alto Vale do Itajaí;ciclista;1;7;4;8;6;12;12;2;6;9;7;2;5;3;1;5;1;4;2;2;5
Região Metropolitana do Agreste;ciclista;0;1;0;1;2;2;3;3;4;8;5;5;3;4;2;1;5;5;11;5;9
Região Metropolitana de Umuarama;ciclista;5;6;1;8;6;6;5;1;5;0;8;8;8;6;5;5;3;1;5;5;2
Região Metropolitana de Tubarão;ciclista;2;2;1;12;10;7;9;14;5;6;7;8;8;10;8;3;12;10;5;7;8
Região Metropolitana de Toledo;ciclista;5;7;5;11;8;8;11;9;8;5;7;3;7;7;4;5;11;6;7;8;10
Região Metropolitana de Sousa;ciclista;0;0;0;1;1;1;0;2;1;3;1;2;3;0;1;1;0;0;0;0;0
Região Metropolitana de Sorocaba;ciclista;0;12;9;10;12;16;28;23;30;27;15;16;10;23;15;11;14;15;16;10;19
Região Metropolitana de Sobral;ciclista;18;14;24;9;8;10;11;8;4;7;13;6;7;5;12;12;12;15;18;13;11
Região Metropolitana de São Paulo;ciclista;7;44;24;32;38;54;112;79;89;87;70;87;74;55;83;49;49;53;30;54;65
Região Metropolitana de Santarém;ciclista;0;0;0;1;0;0;0;0;0;5;0;0;1;0;0;0;1;1;0;0;2
Região Metropolitana de Salvador;ciclista;0;0;1;1;0;13;16;17;3;4;5;10;7;9;10;10;5;8;5;9;5
Região Metropolitana de Ribeirão Preto;ciclista;1;4;4;6;2;5;22;16;24;20;17;27;14;20;13;20;11;17;14;13;20
Região Metropolitana de Porto Velho;ciclista;0;0;7;6;4;4;8;4;9;4;4;9;5;20;6;11;5;6;11;7;15
Região Metropolitana de Porto Alegre;ciclista;9;8;21;22;19;20;18;18;22;16;17;22;25;25;29;14;20;21;30;25;23
Região Metropolitana de Patos;ciclista;3;2;0;2;0;1;0;2;1;2;2;7;1;1;2;2;1;0;0;2;1
Região Metropolitana de Palmeira dos Índios;ciclista;0;1;1;0;0;0;0;0;0;0;0;0;0;0;0;0;0;0;0;0;0
Região Metropolitana de Palmas;ciclista;8;10;18;15;7;6;13;11;7;10;6;4;8;8;4;6;7;7;4;8;10
Região Metropolitana de Natal;ciclista;2;8;5;6;6;6;5;4;5;1;9;9;2;5;4;5;8;8;3;3;5
Região Metropolitana de Maringá;ciclista;13;13;11;8;14;9;14;8;6;6;8;13;13;5;7;10;7;5;25;15;15
Região Metropolitana de Manaus;ciclista;10;4;3;5;4;5;2;0;6;1;5;6;5;3;1;3;2;10;5;8;4
Região Metropolitana de Maceió;ciclista;3;4;4;3;6;8;6;2;4;4;5;4;1;0;1;2;3;12;11;4;18
Região Metropolitana de Macapá;ciclista;1;0;3;1;4;3;2;0;2;0;0;0;2;1;13;12;8;12;7;9;5
Região Metropolitana de Londrina;ciclista;18;23;31;33;38;32;27;18;28;22;22;18;26;14;17;13;23;20;21;16;7
Região Metropolitana de Lages;ciclista;1;2;5;5;1;2;2;0;0;2;1;2;2;1;0;2;1;2;3;4;2
Região Metropolitana de João Pessoa;ciclista;3;2;4;5;2;5;3;4;10;5;5;4;3;6;2;5;11;7;9;7;1
Região Metropolitana de Itabaiana;ciclista;0;0;2;1;0;0;0;0;0;0;2;0;1;0;0;0;0;0;0;0;1
Região Metropolitana de Gurupi;ciclista;1;2;2;4;0;2;3;5;1;0;0;0;1;0;1;2;1;3;3;4;1
Região Metropolitana de Guarabira;ciclista;1;0;0;0;0;1;0;0;0;0;3;0;0;1;2;1;1;0;1;0;1
Região Metropolitana de Goiânia;ciclista;31;29;51;29;54;71;51;63;44;40;28;28;41;41;48;26;39;44;46;29;22
Região Metropolitana de Fortaleza;ciclista;24;35;17;20;6;12;19;20;6;0;4;2;1;7;1;12;25;20;22;11;14
Região Metropolitana de Florianópolis;ciclista;12;9;11;10;11;11;8;10;11;5;10;4;25;8;15;10;6;9;10;12;16
Região Metropolitana de Feira de Santana;ciclista;0;0;0;0;0;1;1;0;3;1;0;0;1;1;0;0;0;2;1;1;1
Região Metropolitana de Esperança;ciclista;0;1;0;0;0;0;0;0;0;0;0;1;1;0;1;2;0;0;0;0;0
Região Metropolitana de Curitiba;ciclista;14;33;17;47;48;72;54;54;53;41;36;29;22;23;19;28;40;16;29;33;29
Região Metropolitana de Chapecó;ciclista;4;6;7;5;9;4;4;2;4;3;3;5;3;2;2;3;4;2;4;6;4
Região Metropolitana de Central;ciclista;1;1;1;0;0;0;1;0;1;0;0;0;0;0;1;0;0;0;1;0;2
Região Metropolitana de Cascavel;ciclista;3;2;11;7;5;6;5;7;4;4;2;6;2;10;1;2;4;7;3;9;10
Região Metropolitana de Campo Mourão;ciclista;10;15;10;7;16;6;9;8;11;11;6;10;8;11;8;5;7;5;14;9;5
Região Metropolitana de Campinas;ciclista;5;13;8;13;28;19;34;56;32;34;29;28;17;24;30;21;11;21;22;19;24
Região Metropolitana de Campina Grande;ciclista;0;0;0;3;2;0;0;1;5;5;3;6;3;4;1;7;3;5;4;9;2
Região Metropolitana de Cajazeiras;ciclista;0;1;0;2;0;2;0;0;0;0;0;0;0;1;1;0;1;0;0;0;0
Região Metropolitana de Caetés;ciclista;0;0;0;0;1;0;0;1;1;0;0;0;1;0;0;0;1;0;2;1;3
Região Metropolitana de Belo Horizonte;ciclista;23;24;54;43;50;46;39;52;31;30;33;32;39;26;33;19;16;26;34;18;28
Região Metropolitana de Belém;ciclista;2;4;1;2;1;10;9;4;9;19;6;8;11;5;6;5;6;11;7;6;4
Região Metropolitana de Barra de Santa Rosa;ciclista;0;0;0;0;0;0;0;2;0;0;1;0;0;1;1;1;0;0;0;0;1
Região Metropolitana de Araruna;ciclista;0;0;0;0;0;1;2;0;0;0;0;0;0;0;0;0;0;1;0;0;0
Região Metropolitana de Aracaju;ciclista;4;8;10;7;9;12;6;19;16;22;23;14;12;12;8;12;15;15;10;18;12
Região Metropolitana de Apucarana;ciclista;7;9;9;7;4;3;12;6;10;11;12;4;6;6;2;4;2;2;5;7;3
Região Metropolitana da Zona da Mata;ciclista;0;0;0;0;0;0;0;0;0;0;0;0;1;0;0;0;0;0;0;0;1
Região Metropolitana da Serra Gaúcha;ciclista;3;4;2;6;4;3;3;4;6;5;3;5;2;3;2;1;3;4;1;5;2
Região Metropolitana da Grande Vitória;ciclista;5;6;6;16;15;23;24;12;17;9;10;3;13;14;13;18;17;12;17;15;27
Região Metropolitana da Grande São Luís;ciclista;5;4;10;9;10;25;12;11;11;14;10;9;5;6;4;5;6;0;7;1;5
Região Metropolitana da Foz do Rio Itajaí;ciclista;17;23;25;17;30;21;31;23;26;30;26;23;18;12;20;17;4;13;9;15;13
Região Metropolitana da Capital;ciclista;12;8;9;4;3;17;8;14;17;6;15;17;20;12;6;12;6;16;4;3;6
Região Metropolitana da Baixada Santista;ciclista;4;1;6;11;9;7;24;15;17;27;18;38;26;18;12;19;19;17;19;32;30
Região Metropolitana Carbonífera;ciclista;9;7;7;10;8;3;8;11;15;9;4;4;10;7;13;8;8;8;7;12;14
Região Integrada de Desenvolvimento do Distrito Federal e Entorno;ciclista;13;16;23;26;18;61;54;52;65;46;37;50;47;48;29;51;33;34;33;33;40
Região Integrada de Desenvolvimento da Grande Teresina;ciclista;19;14;23;16;29;25;30;43;31;31;40;24;26;17;24;26;26;21;17;17;14
Região Administrativa Integrada de Desenvolvimento do Polo Petrolina/PE e Juazeiro/BA;ciclista;6;9;12;10;2;5;2;2;4;12;2;7;7;6;7;8;5;6;13;2;6
Aglomeração Urbana do Sul;ciclista;0;2;0;6;4;10;10;8;4;9;8;7;7;6;3;8;7;5;2;6;5
Aglomeração Urbana do Litoral Norte;ciclista;0;0;3;4;4;2;5;2;3;4;2;5;3;8;3;3;3;3;3;7;0
Aglomeração Urbana de Piracicaba-AU- Piracicaba;ciclista;2;4;1;1;10;11;11;8;10;10;7;9;4;16;16;11;8;10;24;14;15
Aglomeração Urbana de Jundiaí;ciclista;1;0;1;1;1;2;7;3;8;7;11;3;10;8;8;6;10;6;4;9;10
Aglomeração Urbana de Franca;ciclista;2;2;4;4;6;4;5;8;5;12;13;4;4;7;2;4;4;2;2;1;6
Outros;ciclista;338;446;562;540;629;622;705;714;713;688;682;681;703;618;619;603;576;572;614;598;558
Região Metropolitana do Vale do Rio Cuiabá;motocicleta;35;46;44;39;40;48;46;67;78;86;104;99;105;102;96;121;115;135;111;91;109
Região Metropolitana do Vale do Piancó;motocicleta;0;3;7;4;0;5;4;1;4;6;8;8;8;9;5;3;5;5;4;4;3
Região Metropolitana do Vale do Paraíba e Litoral Norte;motocicleta;18;22;27;22;32;33;33;49;49;37;65;56;79;65;61;66;66;71;60;72;55
Região Metropolitana do Vale do Paraíba;motocicleta;1;1;2;1;3;2;2;3;1;2;1;2;3;4;1;2;0;12;7;3;14
Região Metropolitana do Vale do Mamanguape;motocicleta;0;2;0;0;0;3;3;3;5;5;4;4;8;10;7;14;14;12;15;10;8
Região Metropolitana do Vale do Itajaí;motocicleta;36;34;32;53;57;50;68;69;81;71;109;109;73;79;88;78;59;74;56;80;53
Região Metropolitana do Vale do Aço;motocicleta;5;3;9;8;19;13;14;6;13;19;24;27;27;26;21;31;23;41;36;30;40
Região Metropolitana do Sul do Estado;motocicleta;4;5;1;3;3;3;4;4;1;7;6;4;13;10;14;10;2;5;8;7;4
Região Metropolitana do Sudoeste Maranhense;motocicleta;0;3;6;11;16;20;19;13;1;2;7;37;95;92;113;111;111;100;94;65;67
Região Metropolitana do Sertão;motocicleta;1;0;1;7;4;2;8;3;6;4;6;3;9;2;0;0;1;14;19;10;12
Região Metropolitana do São Francisco;motocicleta;1;0;2;4;3;2;4;7;4;2;4;5;4;4;0;0;1;19;7;15;11
Região Metropolitana do Rio de Janeiro;motocicleta;37;75;122;150;161;202;289;248;312;290;267;204;171;229;256;290;181;204;212;138;209
Região Metropolitana do Recife;motocicleta;42;35;53;72;99;85;90;104;97;147;228;284;277;187;306;318;342;308;273;221;254
Região Metropolitana do Norte/Nordeste Catarinense;motocicleta;28;60;50;66;53;77;97;94;113;107;118;114;127;111;106;93;86;79;88;80;91
Região Metropolitana do Médio Sertão;motocicleta;2;2;3;1;1;3;3;6;6;5;5;4;4;6;1;5;6;19;20;14;18
Região Metropolitana do Extremo Oeste;motocicleta;4;4;9;8;8;15;7;11;15;14;13;23;30;23;24;22;25;27;21;13;13
Região Metropolitana do Contestado;motocicleta;4;11;13;17;19;23;29;38;29;36;24;35;32;20;36;30;26;36;27;39;29
Região Metropolitana do Cariri;motocicleta;16;28;23;25;57;57;68;64;37;30;37;59;18;29;22;25;25;50;66;57;40
Região Metropolitana do Alto Vale do Itajaí;motocicleta;10;11;13;18;24;31;41;43;33;31;25;35;30;23;24;26;35;30;30;31;30
Região Metropolitana do Agreste;motocicleta;11;4;17;11;34;48;54;75;61;72;75;54;51;44;16;15;61;105;141;149;142
Região Metropolitana de Umuarama;motocicleta;14;15;15;19;17;27;28;49;39;32;45;46;53;39;26;42;22;22;22;34;27
Região Metropolitana de Tubarão;motocicleta;6;12;13;34;53;41;43;60;42;52;48;49;59;39;34;28;49;40;31;31;36
Região Metropolitana de Toledo;motocicleta;2;3;5;4;8;16;14;17;19;13;11;11;28;36;31;32;19;36;33;31;38
Região Metropolitana de Sousa;motocicleta;0;0;0;2;1;6;4;15;20;12;11;11;10;12;7;5;5;4;7;10;2
Região Metropolitana de Sorocaba;motocicleta;15;24;30;39;28;51;90;125;118;110;120;134;131;148;115;83;77;75;84;119;122
Região Metropolitana de Sobral;motocicleta;32;41;32;44;46;53;52;80;67;69;114;108;155;146;163;180;166;166;184;167;128
Região Metropolitana de São Paulo;motocicleta;65;192;100;174;222;270;521;509;642;645;692;723;668;577;670;582;543;387;263;497;598
Região Metropolitana de Santarém;motocicleta;0;0;1;0;0;0;0;0;1;0;1;3;0;0;2;1;11;28;32;63;74
Região Metropolitana de Salvador;motocicleta;6;11;15;17;19;116;93;98;24;35;158;113;140;158;186;151;120;125;76;69;70
Região Metropolitana de Ribeirão Preto;motocicleta;12;22;17;20;20;25;57;58;65;78;85;68;82;79;78;71;57;82;72;62;82
Região Metropolitana de Porto Velho;motocicleta;5;13;19;12;11;13;23;21;24;33;42;55;63;98;60;67;60;65;55;44;44
Região Metropolitana de Porto Alegre;motocicleta;28;32;45;46;59;51;73;90;72;82;89;101;106;112;121;97;107;124;104;132;127
Região Metropolitana de Patos;motocicleta;3;2;4;3;3;7;2;3;6;7;13;13;17;7;16;12;12;21;18;11;9
Região Metropolitana de Palmeira dos Índios;motocicleta;1;0;1;1;4;1;1;3;0;1;0;2;0;0;1;0;0;2;4;3;4
Região Metropolitana de Palmas;motocicleta;12;26;34;40;32;42;39;53;46;40;52;67;56;62;58;89;88;82;81;85;73
Região Metropolitana de Natal;motocicleta;33;33;19;30;16;22;29;28;31;47;65;71;70;84;74;57;74;74;76;58;57
Região Metropolitana de Maringá;motocicleta;20;27;18;35;44;35;39;46;58;34;65;42;57;49;68;64;59;49;61;77;81
Região Metropolitana de Manaus;motocicleta;56;44;36;31;36;51;45;42;58;52;64;72;82;100;115;144;144;174;146;143;173
Região Metropolitana de Maceió;motocicleta;13;20;25;39;30;33;26;16;19;19;17;25;39;53;25;30;25;95;95;55;131
Região Metropolitana de Macapá;motocicleta;2;2;3;4;8;1;7;3;2;7;2;0;2;5;39;24;28;28;19;16;37
Região Metropolitana de Londrina;motocicleta;52;50;56;54;68;63;88;99;88;81;82;103;136;77;100;99;79;74;102;77;97
Região Metropolitana de Lages;motocicleta;0;4;6;6;5;9;11;7;5;13;17;10;11;15;22;23;14;15;19;20;22
Região Metropolitana de João Pessoa;motocicleta;4;6;28;11;28;42;31;52;61;70;89;83;107;106;93;118;146;128;118;119;98
Região Metropolitana de Itabaiana;motocicleta;0;0;1;0;3;4;0;4;4;3;0;3;4;17;12;11;9;14;4;5;5
Região Metropolitana de Gurupi;motocicleta;5;3;7;10;14;14;13;16;23;18;10;13;20;34;23;31;37;40;30;26;25
Região Metropolitana de Guarabira;motocicleta;0;1;0;1;5;4;9;6;4;5;14;18;10;21;18;22;27;18;21;14;13
Região Metropolitana de Goiânia;motocicleta;101;104;126;107;167;173;179;210;210;234;253;222;242;219;268;233;262;245;266;253;185
Região Metropolitana de Fortaleza;motocicleta;84;132;170;165;166;160;181;161;129;117;196;265;352;356;294;299;232;245;204;138;142
Região Metropolitana de Florianópolis;motocicleta;32;41;41;35;36;53;77;49;44;86;73;77;84;76;92;74;84;76;70;61;60
Região Metropolitana de Feira de Santana;motocicleta;2;2;3;3;2;5;2;13;9;14;24;12;7;9;6;8;8;3;7;2;13
Região Metropolitana de Esperança;motocicleta;0;2;2;1;3;3;0;0;2;6;2;4;5;3;9;12;9;11;3;7;5
Região Metropolitana de Curitiba;motocicleta;27;45;28;55;70;157;148;174;197;163;143;146;119;131;128;113;146;133;150;145;149
Região Metropolitana de Chapecó;motocicleta;9;5;14;15;17;21;22;20;29;36;30;39;33;39;47;41;38;40;34;29;35
Região Metropolitana de Central;motocicleta;0;1;2;5;4;3;2;2;1;0;4;5;6;5;3;2;0;1;0;0;5
Região Metropolitana de Cascavel;motocicleta;25;32;21;21;42;45;54;57;68;55;72;59;80;51;41;43;47;37;42;39;50
Região Metropolitana de Campo Mourão;motocicleta;7;13;18;15;13;15;17;27;18;30;30;42;54;33;41;34;36;44;33;33;46
Região Metropolitana de Campinas;motocicleta;28;25;23;35;59;68;130;129;188;122;151;183;138;142;149;124;146;154;116;133;144
Região Metropolitana de Campina Grande;motocicleta;6;0;2;3;16;33;21;60;94;61;35;52;107;105;121;119;116;108;105;95;114
Região Metropolitana de Cajazeiras;motocicleta;5;8;10;5;5;3;10;8;5;17;14;12;11;14;14;13;8;10;15;16;5
Região Metropolitana de Caetés;motocicleta;0;1;0;1;4;2;3;1;4;2;2;1;3;3;1;1;4;7;12;6;13
Região Metropolitana de Belo Horizonte;motocicleta;48;62;94;79;116;119;143;163;224;161;218;231;220;235;237;205;174;154;183;145;156
Região Metropolitana de Belém;motocicleta;8;12;8;21;14;38;38;27;34;28;52;81;73;75;54;79;61;74;81;74;81
Região Metropolitana de Barra de Santa Rosa;motocicleta;1;0;1;2;3;2;0;2;2;4;1;3;3;6;4;7;9;1;8;11;6
Região Metropolitana de Araruna;motocicleta;0;0;1;0;1;4;1;3;3;0;2;8;2;7;9;7;9;3;3;4;3
Região Metropolitana de Aracaju;motocicleta;23;27;48;53;64;60;84;84;99;143;149;178;178;179;136;143;120;112;98;109;105
Região Metropolitana de Apucarana;motocicleta;4;9;12;19;11;17;21;31;33;30;33;35;45;29;27;33;29;28;33;31;26
Região Metropolitana da Zona da Mata;motocicleta;1;1;1;1;0;3;6;7;0;2;7;5;3;12;2;3;2;19;21;3;27
Região Metropolitana da Serra Gaúcha;motocicleta;15;14;22;19;24;37;35;28;26;39;49;41;43;38;29;18;25;38;30;37;36
Região Metropolitana da Grande Vitória;motocicleta;15;16;47;55;59;68;83;83;103;104;120;119;106;104;92;100;97;89;68;75;88
Região Metropolitana da Grande São Luís;motocicleta;10;15;29;26;23;41;58;56;67;72;87;95;107;76;80;81;77;63;51;39;75
Região Metropolitana da Foz do Rio Itajaí;motocicleta;15;18;19;28;32;33;46;61;54;70;54;59;65;56;66;49;51;47;30;66;32
Região Metropolitana da Capital;motocicleta;26;35;39;6;7;23;21;43;45;21;47;40;58;56;42;59;31;55;20;29;27
Região Metropolitana da Baixada Santista;motocicleta;8;11;18;19;23;28;47;58;69;55;65;81;82;63;51;55;66;65;75;65;101
Região Metropolitana Carbonífera;motocicleta;28;30;44;45;58;46;45;41;56;44;45;60;46;43;63;38;43;53;33;33;38
Região Integrada de Desenvolvimento do Distrito Federal e Entorno;motocicleta;21;29;71;67;63;112;120;163;158;154;185;176;178;177;180;186;190;136;135;155;150
Região Integrada de Desenvolvimento da Grande Teresina;motocicleta;42;38;52;55;91;112;116;148;144;182;267;268;291;277;299;303;301;234;244;233;227
Região Administrativa Integrada de Desenvolvimento do Polo Petrolina/PE e Juazeiro/BA;motocicleta;22;27;34;34;4;20;17;21;31;48;36;85;99;105;96;107;142;106;102;121;107
Aglomeração Urbana do Sul;motocicleta;6;5;4;14;14;29;33;22;27;31;27;36;41;36;38;25;23;29;22;31;32
Aglomeração Urbana do Litoral Norte;motocicleta;0;0;1;2;7;6;9;12;9;12;25;16;17;21;16;12;12;18;17;8;8
Aglomeração Urbana de Piracicaba-AU- Piracicaba;motocicleta;15;16;18;11;21;40;33;28;39;44;36;36;38;47;71;55;47;58;60;67;75
Aglomeração Urbana de Jundiaí;motocicleta;2;2;3;9;21;18;34;30;37;38;38;38;44;57;57;47;45;54;50;46;50
Aglomeração Urbana de Franca;motocicleta;6;9;9;11;8;8;12;21;22;26;26;26;21;14;20;15;29;28;26;28;32
Outros;motocicleta;1182;1381;1745;2033;2361;2650;3093;3627;4134;4486;5191;5487;6209;5935;6367;6000;6155;6262;5936;5718;6030
Região Metropolitana do Vale do Rio Cuiabá;auto;67;112;144;84;94;81;92;69;76;92;113;83;73;83;100;76;70;53;80;52;54
Região Metropolitana do Vale do Piancó;auto;0;0;1;0;1;3;2;1;2;2;5;3;10;14;10;21;16;10;17;9;18
Região Metropolitana do Vale do Paraíba e Litoral Norte;auto;63;42;52;40;57;41;43;89;68;93;105;63;54;53;64;49;56;45;36;44;62
Região Metropolitana do Vale do Paraíba;auto;8;3;4;2;1;2;0;0;1;0;0;1;1;1;0;0;0;5;11;6;9
Região Metropolitana do Vale do Mamanguape;auto;0;0;0;3;2;2;12;12;7;8;2;2;4;1;4;1;4;5;4;0;0
Região Metropolitana do Vale do Itajaí;auto;42;40;37;43;36;48;38;42;31;46;66;71;72;68;73;61;46;52;66;46;49
Região Metropolitana do Vale do Aço;auto;31;47;24;19;27;23;35;40;44;61;65;43;9;22;19;32;15;45;25;15;14
Região Metropolitana do Sul do Estado;auto;0;2;1;0;2;2;0;2;0;1;2;1;4;1;2;10;1;5;5;1;4
Região Metropolitana do Sudoeste Maranhense;auto;1;6;8;9;9;15;35;18;1;9;10;16;23;13;28;19;26;12;14;11;9
Região Metropolitana do Sertão;auto;4;9;0;2;4;0;1;0;0;8;1;0;0;0;1;0;0;4;9;5;10
Região Metropolitana do São Francisco;auto;0;1;5;2;7;1;2;0;0;1;1;0;0;0;0;0;0;5;3;6;4
Região Metropolitana do Rio de Janeiro;auto;67;104;161;214;223;247;263;231;208;162;147;175;173;157;113;137;119;121;103;57;76
Região Metropolitana do Recife;auto;70;41;62;46;83;82;66;78;83;66;63;49;53;40;64;92;89;71;64;61;47
Região Metropolitana do Norte/Nordeste Catarinense;auto;77;88;82;71;87;58;79;83;79;84;84;113;113;103;144;100;92;94;77;76;94
Região Metropolitana do Médio Sertão;auto;4;4;1;3;0;4;0;1;0;2;0;1;3;0;1;0;0;6;1;2;1
Região Metropolitana do Extremo Oeste;auto;14;13;13;27;20;15;26;13;26;14;17;22;42;33;36;29;27;24;25;17;21
Região Metropolitana do Contestado;auto;37;34;43;47;42;47;55;64;50;48;55;58;57;64;77;58;71;59;56;61;63
Região Metropolitana do Cariri;auto;21;14;15;15;19;8;21;21;21;6;3;0;0;0;0;0;3;3;6;0;0
Região Metropolitana do Alto Vale do Itajaí;auto;34;30;28;43;49;34;44;34;50;40;50;55;41;34;53;59;48;48;33;42;31
Região Metropolitana do Agreste;auto;10;14;25;19;6;10;17;25;3;10;9;13;3;2;1;6;5;37;13;19;29
Região Metropolitana de Umuarama;auto;20;27;26;28;34;26;32;40;43;49;39;32;44;48;37;34;41;33;41;37;31
Região Metropolitana de Tubarão;auto;22;25;37;35;51;58;49;39;29;26;36;56;26;28;24;31;26;22;26;16;14
Região Metropolitana de Toledo;auto;7;2;2;5;14;10;8;19;11;12;8;13;26;29;40;42;42;38;42;35;48
Região Metropolitana de Sousa;auto;0;0;1;6;2;2;15;2;2;0;5;6;7;15;14;28;23;10;22;13;12
Região Metropolitana de Sorocaba;auto;21;26;39;40;17;33;106;144;89;141;139;160;109;112;121;60;66;59;85;77;89
Região Metropolitana de Sobral;auto;12;9;18;15;34;45;9;13;23;24;27;29;20;17;16;17;21;23;24;12;5
Região Metropolitana de São Paulo;auto;39;115;81;132;163;169;326;253;258;266;249;265;301;288;307;266;251;134;94;170;205
Região Metropolitana de Santarém;auto;0;0;0;2;1;0;0;0;0;0;1;1;0;0;1;0;4;16;1;4;0
Região Metropolitana de Salvador;auto;38;73;52;52;61;83;65;54;42;56;81;121;159;128;104;90;73;82;49;48;56
Região Metropolitana de Ribeirão Preto;auto;45;39;44;54;39;32;81;82;67;72;106;91;74;95;90;68;69;69;53;47;83
Região Metropolitana de Porto Velho;auto;0;0;2;2;1;6;3;0;2;3;3;8;15;21;12;17;10;19;18;19;10
Região Metropolitana de Porto Alegre;auto;19;31;43;67;67;67;60;60;66;84;90;91;88;96;79;117;103;127;118;103;110
Região Metropolitana de Patos;auto;5;8;0;4;10;6;3;6;4;7;5;8;24;31;28;39;45;31;40;23;28
Região Metropolitana de Palmeira dos Índios;auto;2;0;0;1;0;0;0;0;0;0;0;0;3;0;0;0;0;0;1;0;0
Região Metropolitana de Palmas;auto;39;33;35;21;38;42;30;44;22;24;17;28;20;41;44;44;47;49;24;28;27
Região Metropolitana de Natal;auto;64;53;34;36;41;42;64;36;61;29;41;35;31;27;31;21;15;18;11;13;11
Região Metropolitana de Maringá;auto;45;24;28;25;54;32;26;58;54;48;86;48;40;58;69;33;49;49;36;48;48
Região Metropolitana de Manaus;auto;52;39;40;42;26;23;32;34;35;48;58;45;48;57;53;61;51;33;45;40;36
Região Metropolitana de Maceió;auto;31;28;10;6;13;11;5;3;4;4;1;5;4;2;3;1;2;40;32;10;13
Região Metropolitana de Macapá;auto;21;2;0;13;13;4;4;15;6;5;0;0;5;2;17;10;21;13;8;11;4
Região Metropolitana de Londrina;auto;70;48;55;59;74;57;73;77;74;103;67;99;113;76;95;75;81;65;66;65;84
Região Metropolitana de Lages;auto;23;21;24;10;16;13;33;17;31;29;33;48;55;47;54;60;53;48;39;57;65
Região Metropolitana de João Pessoa;auto;59;18;0;58;19;16;15;11;12;23;42;30;37;19;18;30;19;7;16;7;5
Região Metropolitana de Itabaiana;auto;1;0;0;1;3;0;1;0;3;4;3;0;3;1;3;12;6;8;9;9;13
Região Metropolitana de Gurupi;auto;31;21;27;22;36;21;34;36;40;48;55;64;85;38;52;41;39;33;22;18;18
Região Metropolitana de Guarabira;auto;7;4;0;5;4;7;3;6;1;4;1;1;9;5;8;6;8;12;15;17;23
Região Metropolitana de Goiânia;auto;70;62;63;50;116;93;94;83;65;79;69;77;77;85;118;106;101;104;77;80;77
Região Metropolitana de Fortaleza;auto;84;126;197;173;219;212;224;225;260;155;45;192;251;174;178;218;237;36;57;28;9
Região Metropolitana de Florianópolis;auto;49;62;55;42;39;26;31;25;13;38;39;47;63;49;43;38;53;48;56;36;40
Região Metropolitana de Feira de Santana;auto;45;13;18;15;14;24;52;68;57;82;85;99;98;76;52;24;19;33;37;25;45
Região Metropolitana de Esperança;auto;1;0;2;0;0;1;0;0;0;0;0;0;0;0;1;0;0;0;0;0;1
Região Metropolitana de Curitiba;auto;99;107;79;125;181;209;199;195;176;128;136;132;125;105;135;100;120;126;106;95;89
Região Metropolitana de Chapecó;auto;20;24;26;16;34;61;51;40;65;43;96;109;53;58;68;61;62;56;63;60;43
Região Metropolitana de Central;auto;2;1;1;2;1;2;2;4;1;1;5;0;0;4;3;1;4;2;2;1;0
Região Metropolitana de Cascavel;auto;84;74;79;87;116;113;90;79;82;93;108;88;89;82;78;67;60;78;60;53;57
Região Metropolitana de Campo Mourão;auto;27;23;24;22;43;40;34;50;26;33;49;40;47;44;63;37;41;57;35;31;45
Região Metropolitana de Campinas;auto;12;17;18;18;31;19;60;61;45;60;51;51;80;80;82;79;70;61;63;45;69
Região Metropolitana de Campina Grande;auto;8;0;1;10;0;0;0;0;0;1;0;1;1;0;1;0;1;3;0;0;0
Região Metropolitana de Cajazeiras;auto;0;2;3;4;2;4;1;1;1;5;4;9;13;12;28;27;25;21;20;9;7
Região Metropolitana de Caetés;auto;6;4;3;0;1;0;0;2;0;0;0;0;1;2;0;1;1;7;3;0;7
Região Metropolitana de Belo Horizonte;auto;93;120;158;135;144;158;235;197;204;190;243;240;173;274;245;215;158;132;134;126;121
Região Metropolitana de Belém;auto;18;19;8;10;13;23;16;12;3;4;6;3;12;6;13;6;7;11;15;20;12
Região Metropolitana de Barra de Santa Rosa;auto;0;0;2;0;2;0;0;0;0;0;0;0;0;0;2;11;0;0;0;0;0
Região Metropolitana de Araruna;auto;3;2;0;3;2;0;0;1;1;2;0;0;7;2;4;0;3;3;2;1;8
Região Metropolitana de Aracaju;auto;58;75;56;39;48;29;29;36;40;35;52;51;39;50;31;30;22;25;19;26;13
Região Metropolitana de Apucarana;auto;31;35;29;30;27;35;39;24;35;23;19;45;52;29;48;36;23;35;29;18;21
Região Metropolitana da Zona da Mata;auto;13;2;2;0;6;10;2;2;0;6;0;1;3;3;0;0;0;8;12;5;7
Região Metropolitana da Serra Gaúcha;auto;52;81;72;108;55;60;57;55;60;56;70;54;58;59;61;54;44;43;37;39;26
Região Metropolitana da Grande Vitória;auto;100;144;98;104;100;95;108;139;93;102;124;140;138;123;112;64;60;67;49;48;39
Região Metropolitana da Grande São Luís;auto;30;34;15;15;17;19;18;27;20;25;42;49;42;28;22;17;18;31;7;8;12
Região Metropolitana da Foz do Rio Itajaí;auto;22;17;29;24;23;11;24;19;28;21;19;14;28;37;27;14;11;16;28;14;17
Região Metropolitana da Capital;auto;17;13;15;3;7;14;10;20;14;12;15;16;14;21;19;28;22;16;17;28;40
Região Metropolitana da Baixada Santista;auto;3;6;7;0;11;6;14;22;11;19;22;34;42;15;15;7;16;12;31;23;28
Região Metropolitana Carbonífera;auto;23;39;25;44;43;24;33;57;31;26;42;43;31;35;43;28;36;26;31;22;19
Região Integrada de Desenvolvimento do Distrito Federal e Entorno;auto;337;303;329;375;335;252;237;227;212;283;292;357;296;305;306;259;216;167;168;177;137
Região Integrada de Desenvolvimento da Grande Teresina;auto;2;6;4;11;10;12;20;17;13;16;53;30;36;57;45;43;35;38;23;22;23
Região Administrativa Integrada de Desenvolvimento do Polo Petrolina/PE e Juazeiro/BA;auto;46;75;54;29;20;40;33;20;32;24;50;80;80;72;83;66;86;43;62;76;70
Aglomeração Urbana do Sul;auto;0;3;2;6;13;14;6;21;11;8;14;10;12;12;13;10;13;19;19;26;9
Aglomeração Urbana do Litoral Norte;auto;0;6;6;13;9;18;8;16;26;15;21;14;27;33;13;13;22;16;23;9;21
Aglomeração Urbana de Piracicaba-AU- Piracicaba;auto;17;10;21;18;16;30;45;37;31;47;41;26;33;31;47;30;41;36;19;41;38
Aglomeração Urbana de Jundiaí;auto;7;7;8;16;29;21;28;26;40;21;34;36;18;33;28;17;25;37;24;19;13
Aglomeração Urbana de Franca;auto;12;8;7;13;9;8;50;52;47;28;40;38;27;33;27;15;17;28;23;19;19
Outros;auto;2652;3077;3470;3412;3852;3824;3881;4250;4648;4590;5182;5554;6007;5758;5920;5183;5055;5004;4346;4212;3937
Região Metropolitana do Vale do Rio Cuiabá;total_outros;72;15;29;29;45;69;51;61;77;84;52;91;73;108;108;73;64;79;65;55;68
Região Metropolitana do Vale do Piancó;total_outros;5;0;1;0;2;0;4;0;4;4;3;6;3;2;2;3;2;0;1;2;0
Região Metropolitana do Vale do Paraíba e Litoral Norte;total_outros;268;227;271;238;225;233;233;238;240;169;150;242;197;162;158;138;113;86;127;115;87
Região Metropolitana do Vale do Paraíba;total_outros;4;7;5;7;5;3;11;14;9;22;24;17;17;24;16;27;18;2;0;14;3
Região Metropolitana do Vale do Mamanguape;total_outros;3;0;2;0;5;8;1;3;3;10;8;6;5;8;3;6;3;5;3;3;9
Região Metropolitana do Vale do Itajaí;total_outros;40;41;49;42;65;93;72;71;41;46;34;28;21;29;18;7;7;7;6;6;4
Região Metropolitana do Vale do Aço;total_outros;32;26;16;28;27;33;32;23;34;22;34;67;73;53;75;38;52;50;28;26;30
Região Metropolitana do Sul do Estado;total_outros;0;3;1;3;0;2;0;3;1;3;1;2;0;0;3;5;0;1;1;1;0
Região Metropolitana do Sudoeste Maranhense;total_outros;42;54;34;33;49;52;45;116;124;109;128;79;48;41;35;42;40;50;11;7;7
Região Metropolitana do Sertão;total_outros;1;4;1;5;2;5;4;5;11;12;13;21;31;22;37;26;31;1;2;1;2
Região Metropolitana do São Francisco;total_outros;8;5;0;7;3;8;1;11;5;4;11;18;24;15;34;16;16;0;0;0;0
Região Metropolitana do Rio de Janeiro;total_outros;535;468;418;349;348;316;370;291;226;159;406;420;783;588;777;300;795;551;379;430;487
Região Metropolitana do Recife;total_outros;231;250;232;226;161;179;149;207;215;231;266;236;162;223;131;106;75;51;56;56;48
Região Metropolitana do Norte/Nordeste Catarinense;total_outros;71;76;72;72;82;113;106;63;58;65;33;39;61;42;42;81;22;24;34;15;28
Região Metropolitana do Médio Sertão;total_outros;6;3;3;1;1;3;5;4;3;4;10;25;26;33;40;26;29;1;0;0;0
Região Metropolitana do Extremo Oeste;total_outros;16;19;10;15;19;23;36;50;20;21;28;56;10;21;9;15;7;12;18;5;13
Região Metropolitana do Contestado;total_outros;58;44;39;43;38;48;40;30;31;25;26;31;43;29;23;22;16;23;17;14;25
Região Metropolitana do Cariri;total_outros;15;3;5;21;35;7;3;18;66;77;63;152;205;175;161;172;115;6;7;3;3
Região Metropolitana do Alto Vale do Itajaí;total_outros;49;37;28;20;22;26;22;14;20;23;14;17;15;10;18;12;7;5;12;18;9
Região Metropolitana do Agreste;total_outros;34;26;14;28;51;32;46;57;59;81;119;147;183;182;226;201;140;10;2;5;10
Região Metropolitana de Umuarama;total_outros;11;15;11;5;9;6;10;7;2;3;10;6;18;22;16;22;38;21;5;8;17
Região Metropolitana de Tubarão;total_outros;44;37;42;23;21;11;17;14;9;10;13;7;21;9;4;6;6;6;11;4;3
Região Metropolitana de Toledo;total_outros;47;55;54;70;46;51;67;88;73;75;91;98;67;35;46;25;34;19;6;5;10
Região Metropolitana de Sousa;total_outros;1;0;2;0;3;0;14;1;9;5;6;2;7;1;1;1;3;0;0;1;12
Região Metropolitana de Sorocaba;total_outros;209;230;253;241;264;188;113;122;123;61;80;85;73;104;75;161;126;131;100;65;52
Região Metropolitana de Sobral;total_outros;12;12;7;5;12;1;16;2;8;9;6;13;10;41;92;55;70;29;27;31;108
Região Metropolitana de São Paulo;total_outros;974;1240;910;1166;935;946;423;749;583;406;412;390;368;382;351;288;297;339;277;169;283
Região Metropolitana de Santarém;total_outros;8;10;17;31;37;30;36;40;54;12;21;36;0;2;2;0;4;5;3;6;6
Região Metropolitana de Salvador;total_outros;60;35;39;29;23;133;185;119;85;47;121;103;103;56;65;42;58;43;46;78;65
Região Metropolitana de Ribeirão Preto;total_outros;168;153;188;158;171;165;69;49;44;55;67;68;78;41;63;58;58;44;42;55;21
Região Metropolitana de Porto Velho;total_outros;116;70;87;99;108;78;149;139;146;133;188;165;166;53;114;70;44;24;25;29;35
Região Metropolitana de Porto Alegre;total_outros;428;375;407;396;348;323;294;247;291;255;244;207;188;186;180;180;121;95;77;42;32
Região Metropolitana de Patos;total_outros;1;0;4;7;16;6;20;7;15;43;37;23;7;4;3;0;3;2;2;1;3
Região Metropolitana de Palmeira dos Índios;total_outros;2;1;2;0;0;1;0;1;1;0;3;5;6;7;9;12;12;3;0;0;0
Região Metropolitana de Palmas;total_outros;15;11;13;18;15;18;14;23;18;63;84;90;50;14;44;34;25;17;21;40;50
Região Metropolitana de Natal;total_outros;23;38;43;26;26;41;13;32;38;58;50;41;60;55;77;60;53;77;104;80;61
Região Metropolitana de Maringá;total_outros;38;25;34;38;58;41;39;38;49;55;55;57;102;60;62;56;34;37;14;10;12
Região Metropolitana de Manaus;total_outros;45;33;55;65;115;123;157;106;105;90;126;144;107;86;87;42;43;25;28;35;22
Região Metropolitana de Maceió;total_outros;34;37;66;102;115;95;118;102;171;151;232;234;196;163;233;189;197;26;11;115;51
Região Metropolitana de Macapá;total_outros;33;8;22;5;8;2;35;69;65;81;105;121;95;77;12;24;7;2;3;23;7
Região Metropolitana de Londrina;total_outros;41;23;28;38;33;38;32;27;19;32;76;70;67;48;63;47;35;26;25;14;9
Região Metropolitana de Lages;total_outros;32;40;41;26;45;51;35;60;44;18;46;32;36;46;41;29;26;13;12;9;12
Região Metropolitana de João Pessoa;total_outros;85;140;116;52;90;81;87;78;92;129;100;74;58;79;83;58;53;45;20;53;83
Região Metropolitana de Itabaiana;total_outros;1;2;2;2;12;20;7;6;9;12;6;10;8;10;6;3;9;2;1;3;1
Região Metropolitana de Gurupi;total_outros;10;6;13;6;5;11;4;7;7;4;5;4;1;5;11;7;13;13;8;10;17
Região Metropolitana de Guarabira;total_outros;1;1;1;2;2;5;5;10;15;3;13;7;7;11;10;4;5;5;8;6;3
Região Metropolitana de Goiânia;total_outros;279;232;308;353;268;203;171;188;267;249;331;285;250;202;131;117;112;36;32;55;149
Região Metropolitana de Fortaleza;total_outros;118;70;54;24;18;50;29;22;8;2;228;87;13;38;311;62;23;17;9;9;4
Região Metropolitana de Florianópolis;total_outros;74;52;89;95;102;128;128;128;154;93;82;56;58;45;42;43;29;17;19;33;33
Região Metropolitana de Feira de Santana;total_outros;10;3;4;1;6;9;16;27;26;18;31;48;56;55;66;31;29;47;22;22;61
Região Metropolitana de Esperança;total_outros;2;0;3;1;15;1;15;14;14;12;21;22;19;12;15;13;13;20;11;10;14
Região Metropolitana de Curitiba;total_outros;413;312;401;355;294;143;99;134;121;190;238;237;210;186;182;106;87;90;54;47;50
Região Metropolitana de Chapecó;total_outros;48;49;60;35;33;40;43;59;52;31;7;12;18;9;16;9;8;9;14;7;11
Região Metropolitana de Central;total_outros;7;1;4;2;0;0;0;1;2;3;5;2;1;0;0;0;0;0;0;0;1
Região Metropolitana de Cascavel;total_outros;17;5;9;14;12;5;7;7;8;7;16;7;17;17;18;11;13;13;2;9;12
Região Metropolitana de Campo Mourão;total_outros;26;19;19;40;47;44;17;17;46;22;28;21;29;23;26;21;33;18;7;8;3
Região Metropolitana de Campinas;total_outros;289;283;249;232;238;251;113;165;131;108;129;117;72;40;55;55;50;29;46;61;42
Região Metropolitana de Campina Grande;total_outros;78;56;225;169;184;164;219;208;163;129;177;151;179;220;180;181;157;122;135;102;109
Região Metropolitana de Cajazeiras;total_outros;1;4;6;3;5;2;5;2;0;9;5;8;7;2;1;3;4;1;1;3;17
Região Metropolitana de Caetés;total_outros;2;3;5;7;6;12;8;14;27;11;19;22;11;24;26;21;24;3;3;8;2
Região Metropolitana de Belo Horizonte;total_outros;322;373;275;390;386;427;412;406;331;363;246;296;327;205;199;184;205;174;137;121;94
Região Metropolitana de Belém;total_outros;36;77;37;25;35;36;20;10;17;11;21;12;26;27;185;73;228;27;111;168;154
Região Metropolitana de Barra de Santa Rosa;total_outros;4;0;2;0;8;0;12;5;10;3;12;11;15;16;7;7;11;12;6;8;6
Região Metropolitana de Araruna;total_outros;0;0;0;2;1;2;1;0;2;0;6;5;7;2;2;1;5;1;3;2;1
Região Metropolitana de Aracaju;total_outros;28;17;44;13;17;25;20;28;20;25;23;12;12;21;15;21;17;7;8;10;6
Região Metropolitana de Apucarana;total_outros;14;13;11;13;14;13;13;8;16;23;21;26;29;25;24;18;13;13;6;7;13
Região Metropolitana da Zona da Mata;total_outros;9;8;14;20;18;18;11;16;23;27;40;53;38;27;32;58;50;17;7;21;2
Região Metropolitana da Serra Gaúcha;total_outros;11;18;22;20;14;18;26;19;19;30;22;30;16;23;19;18;21;25;14;31;17
Região Metropolitana da Grande Vitória;total_outros;111;59;136;89;90;94;47;54;61;61;54;27;42;41;35;26;27;57;55;47;50
Região Metropolitana da Grande São Luís;total_outros;28;59;57;83;82;65;75;116;173;120;108;131;156;176;188;176;145;78;166;179;114
Região Metropolitana da Foz do Rio Itajaí;total_outros;39;30;36;36;60;40;18;21;30;29;20;35;21;22;9;8;15;27;18;11;29
Região Metropolitana da Capital;total_outros;13;24;43;46;27;20;43;18;19;58;23;31;17;21;16;19;19;5;17;32;27
Região Metropolitana da Baixada Santista;total_outros;119;137;168;167;197;176;219;212;208;153;121;121;130;135;120;112;124;56;32;52;28
Região Metropolitana Carbonífera;total_outros;27;40;45;54;51;46;36;30;32;33;15;15;13;6;6;10;4;6;8;7;14
Região Integrada de Desenvolvimento do Distrito Federal e Entorno;total_outros;107;147;129;132;144;135;107;118;128;121;120;154;160;147;199;152;131;149;151;120;108
Região Integrada de Desenvolvimento da Grande Teresina;total_outros;130;140;156;157;110;77;161;151;129;110;67;90;120;142;151;99;82;64;51;51;71
Região Administrativa Integrada de Desenvolvimento do Polo Petrolina/PE e Juazeiro/BA;total_outros;22;15;29;47;47;62;56;28;28;77;69;52;49;43;41;36;35;34;26;25;25
Aglomeração Urbana do Sul;total_outros;84;66;71;76;57;40;32;50;76;44;66;54;51;45;41;44;28;32;26;10;6
Aglomeração Urbana do Litoral Norte;total_outros;31;26;41;21;21;25;31;29;15;36;19;26;16;25;26;16;21;20;10;10;11
Aglomeração Urbana de Piracicaba-AU- Piracicaba;total_outros;186;151;195;139;152;154;88;71;74;41;69;65;77;61;69;83;95;66;51;25;40
Aglomeração Urbana de Jundiaí;total_outros;66;71;78;84;71;67;55;36;21;22;34;21;21;24;15;8;14;13;19;11;15
Aglomeração Urbana de Franca;total_outros;80;60;105;79;77;107;20;18;31;30;29;27;16;7;21;25;18;11;18;15;17
Outros;total_outros;5019;4324;4715;4411;4711;4725;4188;4189;4362;4539;5361;5210;5689;5480;5498;4781;4496;3930;3617;3786;4475
